instance,variant,cost,time
grid_small_0,Mixed_CPP,285.97527506559516,0.00017714500427246094
grid_small_1,Mixed_CPP,313.45081752144847,0.0001468658447265625
grid_small_2,Mixed_CPP,327.8812645641541,0.0001430511474609375
grid_small_3,Mixed_CPP,298.33637760905015,0.00014710426330566406
grid_small_4,Mixed_CPP,330.8478402985969,0.00013518333435058594
